Type,Name,Request Count,Failure Count,Median Response Time,Average Response Time,Min Response Time,Max Response Time,Average Content Size,Requests/s,Failures/s,50%,66%,75%,80%,90%,95%,98%,99%,99.9%,99.99%,100%
POST,Post Request,4065,1,640.0,732.320178431254,401.96057799948903,20895.249093999155,198.45535055350553,13.517216529824198,0.0033252685190219428,640,680,710,740,840,940,1100,1200,20000,21000,21000
,Aggregated,4065,1,640.0,732.320178431254,401.96057799948903,20895.249093999155,198.45535055350553,13.517216529824198,0.0033252685190219428,640,680,710,740,840,940,1100,1200,20000,21000,21000
