Type,Name,Request Count,Failure Count,Median Response Time,Average Response Time,Min Response Time,Max Response Time,Average Content Size,Requests/s,Failures/s,50%,66%,75%,80%,90%,95%,98%,99%,99.9%,99.99%,100%
POST,Post Request,4308,2,610.0,683.4331293974075,403.1430340000952,19170.11391000051,198.38765088207984,14.358337123365688,0.006665894671943217,610,650,680,710,780,870,1000,1100,18000,19000,19000
,Aggregated,4308,2,610.0,683.4331293974075,403.1430340000952,19170.11391000051,198.38765088207984,14.358337123365688,0.006665894671943217,610,650,680,710,780,870,1000,1100,18000,19000,19000
