Type,Name,Request Count,Failure Count,Median Response Time,Average Response Time,Min Response Time,Max Response Time,Average Content Size,Requests/s,Failures/s,50%,66%,75%,80%,90%,95%,98%,99%,99.9%,99.99%,100%
POST,Post Request,2184,37,680.0,848.093572971123,223.50694600027055,18895.12165799897,195.40796703296704,7.257685934825356,0.12295530200940392,680,820,910,1000,1400,1800,2500,2700,13000,19000,19000
,Aggregated,2184,37,680.0,848.093572971123,223.50694600027055,18895.12165799897,195.40796703296704,7.257685934825356,0.12295530200940392,680,820,910,1000,1400,1800,2500,2700,13000,19000,19000
