Type,Name,Request Count,Failure Count,Median Response Time,Average Response Time,Min Response Time,Max Response Time,Average Content Size,Requests/s,Failures/s,50%,66%,75%,80%,90%,95%,98%,99%,99.9%,99.99%,100%
POST,Post Request,2201,1,620.0,820.9635459717896,396.00884600076824,22155.104186000244,198.43025897319401,7.33142892623258,0.003330953623913031,620,680,740,780,1000,1800,2900,3200,22000,22000,22000
,Aggregated,2201,1,620.0,820.9635459717896,396.00884600076824,22155.104186000244,198.43025897319401,7.33142892623258,0.003330953623913031,620,680,740,780,1000,1800,2900,3200,22000,22000,22000
