Type,Name,Request Count,Failure Count,Median Response Time,Average Response Time,Min Response Time,Max Response Time,Average Content Size,Requests/s,Failures/s,50%,66%,75%,80%,90%,95%,98%,99%,99.9%,99.99%,100%
POST,Post Request,5082,5082,490.0,588.3215520805066,223.7715829978697,5391.20313499734,692.0,16.90024180572577,16.90024180572577,490,610,700,750,930,1100,1300,1500,5300,5400,5400
,Aggregated,5082,5082,490.0,588.3215520805066,223.7715829978697,5391.20313499734,692.0,16.90024180572577,16.90024180572577,490,610,700,750,930,1100,1300,1500,5300,5400,5400
