Type,Name,Request Count,Failure Count,Median Response Time,Average Response Time,Min Response Time,Max Response Time,Average Content Size,Requests/s,Failures/s,50%,66%,75%,80%,90%,95%,98%,99%,99.9%,99.99%,100%
POST,Post Request,7036,7036,380.0,417.8867729994233,205.40289899872732,2006.381995000993,692.0,23.400738471450925,23.400738471450925,380,430,470,500,590,680,840,930,1800,2000,2000
,Aggregated,7036,7036,380.0,417.8867729994233,205.40289899872732,2006.381995000993,692.0,23.400738471450925,23.400738471450925,380,430,470,500,590,680,840,930,1800,2000,2000
