Type,Name,Request Count,Failure Count,Median Response Time,Average Response Time,Min Response Time,Max Response Time,Average Content Size,Requests/s,Failures/s,50%,66%,75%,80%,90%,95%,98%,99%,99.9%,99.99%,100%
POST,Post Request,4505,4505,330.0,445.5146863438698,188.4386319979967,2957.6546530006453,692.0,14.98438742910597,14.98438742910597,330,400,450,510,740,1100,1900,2200,2800,3000,3000
,Aggregated,4505,4505,330.0,445.5146863438698,188.4386319979967,2957.6546530006453,692.0,14.98438742910597,14.98438742910597,330,400,450,510,740,1100,1900,2200,2800,3000,3000
