Type,Name,Request Count,Failure Count,Median Response Time,Average Response Time,Min Response Time,Max Response Time,Average Content Size,Requests/s,Failures/s,50%,66%,75%,80%,90%,95%,98%,99%,99.9%,99.99%,100%
POST,Post Request,4001,4001,350.0,459.2685145998585,202.71014600075432,3911.462036998273,692.0,13.332123276562807,13.332123276562807,350,410,470,510,670,920,2300,2700,3800,3900,3900
,Aggregated,4001,4001,350.0,459.2685145998585,202.71014600075432,3911.462036998273,692.0,13.332123276562807,13.332123276562807,350,410,470,510,670,920,2300,2700,3800,3900,3900
